<?xml version="1.0" encoding="UTF-8"?>
<project-private xmlns="http://www.netbeans.org/ns/project-private/1">
    <editor-bookmarks xmlns="http://www.netbeans.org/ns/editor-bookmarks/2" lastBookmarkId="0"/>
    <open-files xmlns="http://www.netbeans.org/ns/projectui-open-files/2">
        <group>
            <file>file:/C:/Users/Aazan/OneDrive/Documents/NetBeansProjects/floodd-relief/src/floodd/relief/camps.java</file>
            <file>file:/C:/Users/Aazan/OneDrive/Documents/NetBeansProjects/floodd-relief/src/floodd/relief/all_blood.java</file>
            <file>file:/C:/Users/Aazan/OneDrive/Documents/NetBeansProjects/floodd-relief/src/floodd/relief/all_camp.java</file>
            <file>file:/C:/Users/Aazan/OneDrive/Documents/NetBeansProjects/floodd-relief/src/floodd/relief/admin_dashboard1.java</file>
            <file>file:/C:/Users/Aazan/OneDrive/Documents/NetBeansProjects/floodd-relief/src/floodd/relief/User_dashboard.java</file>
            <file>file:/C:/Users/Aazan/OneDrive/Documents/NetBeansProjects/floodd-relief/src/floodd/relief/User.java</file>
        </group>
    </open-files>
</project-private>
